key,instantiationMoment,title,author,message,email,link,key:consumer,key:provider,key:client,key:auditor,key:administrator,key:manager
notice-01,2000/01/01 00:00,Title 1,consumer-01,Message 1,email1@example.com,http://example.com,consumer-01,,,,,
notice-02,2000/01/01 00:01,Title 2,provider-02,Message 2,email2@example.com,http://example.com,,provider-02,,,,
notice-03,2002/02/17 23:59,Title 3,client-03,Message 3,email3@example.com,http://example.com,,,client-03,,,
notice-04,2002/02/18 00:00,Title 4,auditor-01,Message 4,email4@example.com,http://example.com,,,,auditor-01,,
notice-05,2010/12/31 23:59,Title 5,administrator-02,Message 5,email5@example.com,http://example.com,,,,,administrator-02,
notice-06,2011/01/01 00:00,Title 6,manager1,Message 6,email6@example.com,http://example.com,,,,,,manager1
notice-07,2019/03/31 00:00,Title 7,Author 7,Message 7,email7@example.com,http://example.com,,,,,,
notice-08,2022/07/29 23:30,Title 8,Author 8,Message 8,email8@example.com,http://example.com,,,,,,
notice-09,2022/07/29 23:59,Title 9,Author 9,Message 9,email9@example.com,http://example.com,,,,,,
notice-10,2000/01/01 00:00,T,Author 1,Message 1,email1@example.com,http://example.com,consumer-01,,,,,
notice-11,2000/01/01 00:00,Ti,Author 1,Message 1,email1@example.com,http://example.com,consumer-01,,,,,
notice-12,2000/01/01 00:01,Title 2,Author 2,Message 2,email2@example.com,http://example.com,,provider-02,,,,
notice-13,2002/02/17 23:59,I'm writing a title extremely long so I can prove the restriction works fine,Author 3,Message 3,email3@example.com,http://example.com,,,client-03,,,
notice-14,2002/02/18 00:00,Im writing a title extremely long so I can prove the restriction works fine,Author 4,Message 4,email4@example.com,http://example.com,,,,auditor-01,,
notice-15,2010/12/31 23:59,Title 5,A,Message 5,email5@example.com,http://example.com,,,,,administrator-02,
notice-16,2011/01/01 00:00,Title 6,Au,Message 6,email6@example.com,http://example.com,,,,,,manager1
notice-17,2019/03/31 00:00,Title 7,Author 7,Message 7,email7@example.com,http://example.com,,,,,,
notice-18,2022/07/29 23:30,Title 8,I'm writing an auth extremely long so I can prove the restriction works fine,Message 8,email8@example.com,http://example.com,,,,,,
notice-19,2022/07/29 23:59,Title 9,Im writing an auth extremely long so I can prove the restriction works fine,Message 9,email9@example.com,http://example.com,,,,,,
notice-20,2000/01/01 00:00,T,Author 1,M,email1@example.com,http://example.com,consumer-01,,,,,
notice-21,2000/01/01 00:00,Title 1,consumer-01,Me,email1@example.com,http://example.com,consumer-01,,,,,
notice-22,2000/01/01 00:01,Title 2,provider-02,Message 2,email2@example.com,http://example.com,,provider-02,,,,
notice-23,2002/02/17 23:59,Title 3,client-03,Im writing a message extremely long prove the restriction works just fine so I have to reach 101 char,email3@example.com,http://example.com,,,client-03,,,
notice-24,2002/02/18 00:00,Title 4,auditor-01,Im writing a message extremely long prove the restriction works just fine so I have to reach 101 cha,email4@example.com,http://example.com,,,,auditor-01,,
notice-25,2010/12/31 23:59,Title 5,administrator-02,Message 5,email5@example.com,http://e.com,,,,,administrator-02,
notice-26,2011/01/01 00:00,Title 6,manager1,Message 6,email6@example.com,http://ex.com,,,,,,manager1
notice-27,2019/03/31 00:00,Title 7,Author 7,Message 7,email7@example.com,http://example.com,,,,,,
notice-28,2022/07/29 23:30,Title 8,Author 8,Message 8,email8@example.com,http://examplexrthj6ust65ju6sjusg6jeggtruhjtse46htrsyuhj46tuyuhryjnryuhj4egrhsw3rhcxgyhunjyuiktiukmgtfdresswasedrtfyjhbvgcfdertyuklkjhgftyuioiplkjhgytfresdfgtyyyyyyyujhgtfredfgyttrdfghjiuytrfedwefrgtyuijuyhtrwertyjuykikjuhygtrfeertyhgfddfgtrdederrgtdf.com,,,,,,
notice-29,2022/07/29 23:59,Title 9,Author 9,Message 9,email9@example.com,http://examplexrthj6ust65ju6sjusg6jeggtruhjtse46htrsyuhj46tuyuhryjnryuhj4egrhsw3rhcxgyhunjyuiktiukmgtfdresswasedrtfyjhbvgcfdertyuklkjhgftyuioiplkjhgytfresdfgtyyyyyyyujhgtfredfgyttrdfghjiuytrfedwefrgtyuijuyhtrwertyjuykikjuhygtrfeertyhgfddfgtrdederrgtd.com,,,,,,